Participant,temp_std,temp_slope,fixation_duration,confidence
P1,0.150162045,-0.003778491,125.535713,80
P1,0.072421189,0.003312275,47.648388,80
P1,0.161076564,0.000424889,225.780813,40
P1,0.170244199,-0.004553782,153.225103,40
P1,0.095974823,0.001852664,21.908333,40
P1,0.066287222,-0.003129845,35.569933,80
P1,0.125475339,0.00363143,27.472992,60
P1,0.140678439,0.015062884,29.938573,60
P2,0.090649968,0.003359524,76.721081,80
P2,0.112636502,0.000174307,370.026287,40
P2,0.119208789,0.004524142,40.501532,60
P2,0.108360887,6.38E-05,128.734815,60
P2,0.072648739,0.00363568,18.643024,60
P2,0.095838625,0.001593791,44.116531,60
P2,0.084791723,-0.001901458,50.114528,80
P2,0.10067805,-0.000828289,126.485333,100
P3,0.215933085,-0.000797772,281.226582,0
P3,0.129304065,-5.37E-05,114.689742,40
P3,0.118926675,-0.002976741,105.526872,0
P3,0.119580887,-0.000230505,181.780771,40
P3,0.119398647,0.001876133,49.581168,20
P3,0.090652861,0.005238761,38.501928,60
P3,0.158279626,0.001828187,57.794755,40
P3,0.08080594,-0.001365121,24.407509,40
P4,0.216447321,0.002417691,109.72543,40
P4,0.164032368,0.004111214,63.642623,60
P4,0.170662483,-0.002407487,103.793875,20
P4,0.116890011,-0.001389397,86.234021,60
P4,0.059790607,0.001462245,37.619365,60
P4,0.149790173,-0.002065162,132.849683,80
P4,0.128877724,-0.006264167,43.516677,80
P4,0.178853059,-0.006088419,56.578604,60
P5,0.024864634,-0.007891276,9.44659,60
P5,0.086515937,0.004591293,37.835576,40
P5,0.138773036,0.014525249,22.8416,40
P5,0.114448678,0.001080775,40.284779,60
P5,0.145195902,-0.00406623,35.686449,40
P5,0.093369338,-0.001514129,58.194512,80
P5,0.121467346,0.005895903,37.419303,60
P5,0.099039059,-0.002316423,40.984443,60
P6,0.140159909,-0.010090924,68.107657,40
P6,0.124979668,0.001966447,90.28266,40
P6,0.145711175,0.000529661,112.040818,40
P6,0.109970277,-0.005637943,48.464878,40
P6,0.116049949,-0.001731397,53.99649,40
P6,0.111156487,0.006658924,42.73372,60
P6,0.092805259,-0.001667669,38.968223,60
P6,0.069289764,0.002130459,18.226462,60
P7,0.09278845,0.010265663,18.276411,60
P7,0.236548406,-0.006197677,64.059035,40
P7,0.165161827,-0.004740585,36.553126,40
P7,0.10039875,-0.002912428,28.67243,60
P7,0.097538198,-0.012109417,11.345697,60
P7,0.143977165,-0.00302722,123.536361,80
P7,0.113533087,-0.001531796,46.698834,100
P7,0.139057542,-0.018425093,11.879065,60
P8,0.234442552,0.009966934,66.241156,0
P8,0.874914581,-0.02462748,58.311042,40
P8,0.518897977,0.033407154,49.581125,0
P8,0.964582068,-0.153151574,14.277797,60
P8,0.02532456,-0.010960105,6.764151,60
P8,0.237269186,-0.000715005,63.542581,80
P8,0.128587084,-0.008273528,33.870559,60
P8,0.226061385,0.020454047,19.759371,80
P9,0.133053619,-0.003662117,68.490565,60
P9,0.133943823,0.006537812,48.215012,40
P9,0.09819643,-0.000981969,48.548315,40
P9,0.084101343,-0.004155053,42.050596,60
P9,0.04043266,-0.002413339,12.178681,60
P9,0.092372435,0.017280702,15.477538,80
P9,0.044922868,-0.001755156,29.022721,60
P9,0.044427911,0.005517241,18.476273,60
P10,0.455821289,0.01329285,109.791748,60
P10,0.168196661,0.015767611,34.686871,40
P10,0.108596118,0.005264807,49.331186,0
P10,0.202593479,0.014014591,37.402365,20
P10,0.10606816,0.011101847,26.556642,40
P10,0.111314943,0.015562232,31.004631,60
P10,0.112512483,0.005960829,41.384381,40
P10,0.088671284,0.001626121,79.752918,60
P11,0.226756924,0.002512984,80.1694,60
P11,0.183981732,0.026638895,19.725905,60
P11,0.179427701,0.04025447,11.129064,60
P11,0.219469707,-0.007381962,14.84441,60
P11,0.123596116,-0.039735099,7.330416,60
P11,0.123764965,-0.010344525,14.127976,60
P11,0.143178569,0.0046056,30.23853,60
P11,0.12031902,-0.008628254,9.663249,60
P12,0.193026607,2.23E-05,135.115446,40
P12,0.118538831,-0.005923414,53.196622,40
P12,0.101057366,-0.000234621,64.508983,60
P12,0.144281935,0.001787701,58.027611,40
P12,0.102058658,0.001236587,26.523229,60
P12,0.122499689,0.004746615,52.096625,80
P12,0.101543425,-0.003310664,52.530114,40
P12,0.076128217,-0.002379094,53.313357,60
P13,0.255388447,-0.009269142,91.048807,60
P13,0.275070013,0.00444413,73.022538,60
P13,0.295268759,0.010897665,78.803477,80
P13,0.131428975,-0.002715527,106.09304,80
P13,0.109300961,0.012200474,14.144668,80
P13,0.112995237,-0.005596886,46.399132,80
P13,0.129249272,-0.004850346,43.150729,80
P13,0.108730204,-0.006926554,43.483481,60
P14,0.138812974,0.00167846,54.19613,40
P14,0.114884685,0.005661123,26.006742,40
P14,0.182716126,0.004668855,99.262555,20
P14,0.113270829,-0.000146049,82.335437,20
P14,0.074704752,-0.00155007,36.502858,20
P14,0.200185981,0.009118319,43.850278,40
P14,0.17100644,-0.010920074,40.817897,40
P14,0.070405966,-0.007583144,12.061951,60
